ranking_no,brand_name,product_name,original_price,sale_price,discount_rate,rating,review_count,like_count,product_id,product_url,img_url,category_depth1,category_depth2,category_depth3,category_depth4
1,틸아이다이,[단 하루!] [헤이가가 Pick]Wool cashmere V neck knit set [TIFA05SW04]_Ivory,137000.0,84728,38,5.0,29,5064,308886954,https://www.wconcept.co.kr/Product/308886954,https://product-image.wconcept.co.kr/productimg/image/img1/54/308886954_KJ21215.jpg?RS=412,여성,의류,니트,풀오버
2,드로우핏 우먼,[9/13 단 하루!] [W컨셉 단독][드로우핏우먼 X 주미니] 울 코튼 원턱 벨티드 슬랙스 [3COLORS],87000.0,57855,33,5.0,13,804,308943720,https://www.wconcept.co.kr/Product/308943720,https://product-image.wconcept.co.kr/productimg/image/img1/20/308943720_TU52890.jpg?RS=412,여성,의류,팬츠,슬랙스
3,마인드브릿지 우먼,"[주미니pick] 에센셜 브이넥 니트_6colors / 블랙,브라운,그레이,네이비,올리브,레드",59900.0,25130,58,5.0,15,1604,308837675,https://www.wconcept.co.kr/Product/308837675,https://product-image.wconcept.co.kr/productimg/image/img1/75/308837675_XL74814.jpg?RS=412,여성,의류,니트,풀오버
4,아비스파,[30%쿠폰] [단독]Davie 데이비 메리제인 스퀘어토 플랫슈즈(2way)_F359_3colors_1cm_2cm_3cm_4.5cm,99000.0,54740,44,4.9,2273,9999,306035261,https://www.wconcept.co.kr/Product/306035261,https://product-image.wconcept.co.kr/productimg/image/img1/61/306035261_VB13113.jpg?RS=412,여성,신발,플랫슈즈,메리제인
5,아워코모스,[48H 특가] cashmere deep V-neck knit (melange grey) orc 6094,79000.0,49908,36,5.0,7,2802,308923689,https://www.wconcept.co.kr/Product/308923689,https://product-image.wconcept.co.kr/productimg/image/img1/89/308923689_HQ64401.jpg?RS=412,여성,의류,니트,풀오버
6,우이,[20%쿠폰] 에센셜 브이넥 가디건 그레이시베이지 OU1807,59000.0,35400,40,4.9,1642,9999,307652631,https://www.wconcept.co.kr/Product/307652631,https://product-image.wconcept.co.kr/productimg/image/img1/31/307652631_LW28369.jpg?RS=412,여성,의류,니트,가디건
7,틸아이다이,[단 하루!] Modal basic slim t-shirt_Melange,42000.0,25975,38,4.9,185,4376,306040925,https://www.wconcept.co.kr/Product/306040925,https://product-image.wconcept.co.kr/productimg/image/img1/25/306040925_ML17848.jpg?RS=412,여성,의류,티셔츠,긴팔
8,틸아이다이,[단 하루!] [주미니 Pick] Raglan oversized modal tee [TIFA06LT06]_Navy,76000.0,47002,38,5.0,1,153,308972834,https://www.wconcept.co.kr/Product/308972834,https://product-image.wconcept.co.kr/productimg/image/img1/34/308972834_KB67378.jpg?RS=412,여성,의류,티셔츠,긴팔
9,어스,[30%쿠폰] [14차 리오더][기장선택가능] US105 레귤러 플레어진 (블랙),118000.0,59500,49,4.9,648,9999,307187926,https://www.wconcept.co.kr/Product/307187926,https://product-image.wconcept.co.kr/productimg/image/img1/26/307187926_PD97021.jpg?RS=412,여성,의류,데님,부츠컷진
10,드로우핏 우먼,[9/13 단 하루!] [W컨셉 단독][드로우핏우먼 X 주미니] 코튼 포켓 워크 팬츠 [BEIGE],77000.0,51205,33,4.7,6,391,308943690,https://www.wconcept.co.kr/Product/308943690,https://product-image.wconcept.co.kr/productimg/image/img1/90/308943690_GX66798.jpg?RS=412,여성,의류,팬츠,카고
11,아디다스,TOKYO W - JI0183,139000.0,88960,36,4.9,2058,9999,306115156,https://www.wconcept.co.kr/Product/306115156,https://product-image.wconcept.co.kr/productimg/image/img1/56/306115156_UD14813.jpg?RS=412,스포츠/액티브,신발,스니커즈,스니커즈
12,로브로브,[9/13 단 하루!] [W컨셉 단독][1+1][2PACK] [19차 리오더] 마이 애티튜드 니트 가디건_(8color),258000.0,97795,62,4.9,3030,2906,307665237,https://www.wconcept.co.kr/Product/307665237,https://product-image.wconcept.co.kr/productimg/image/img1/37/307665237_ES48800.jpg?RS=412,여성,의류,니트,가디건
13,틸아이다이,[단 하루!] [여울 Pick] Suede utility half jacket [TIFA06JK02]_Dark brown,269000.0,166363,38,5.0,2,167,308972882,https://www.wconcept.co.kr/Product/308972882,https://product-image.wconcept.co.kr/productimg/image/img1/82/308972882_AS49744.jpg?RS=412,여성,의류,아우터,자켓
14,하우투러브미,[30%쿠폰] 메이 논페이드 블랙 생지 데님[black],113000.0,79100,30,5.0,12,1593,308919872,https://www.wconcept.co.kr/Product/308919872,https://product-image.wconcept.co.kr/productimg/image/img1/72/308919872_WU30657.jpg?RS=412,여성,의류,데님,스트레이트진
15,룩캐스트,[오늘이 마지막!] 캐시미어 딥 브이넥 니트 / CASHMERE DEEP V-NECK KNIT_5colors,138000.0,96600,30,5.0,8,1739,308892198,https://www.wconcept.co.kr/Product/308892198,https://product-image.wconcept.co.kr/productimg/image/img1/98/308892198_BJ40119.jpg?RS=412,여성,의류,니트,풀오버
16,로브로브,[9/13 단 하루!] [다연PICK][4차 리오더] 스컬프트 드레이핑 니트_(3color),75000.0,43575,41,5.0,19,3536,308934979,https://www.wconcept.co.kr/Product/308934979,https://product-image.wconcept.co.kr/productimg/image/img1/79/308934979_KV55066.jpg?RS=412,여성,의류,티셔츠,긴팔
17,반원 아틀리에,[유미 PICK]A3567 와플 래글런 티셔츠_Black,49000.0,27440,44,4.8,52,3065,308193105,https://www.wconcept.co.kr/Product/308193105,https://product-image.wconcept.co.kr/productimg/image/img1/05/308193105_PE66671.jpg?RS=412,여성,의류,티셔츠,긴팔
18,망고매니플리즈,[20%쿠폰] [단독][4th]UNTIL FIELD JACKET_KHAKI,319000.0,255200,20,5.0,45,3157,308867985,https://www.wconcept.co.kr/Product/308867985,https://product-image.wconcept.co.kr/productimg/image/img1/85/308867985_DA19273.jpg?RS=412,여성,의류,아우터,자켓
19,드로우핏 우먼,[9/13 단 하루!] [W컨셉 단독][드로우핏우먼 X 주미니] 세미 부츠컷 데님 팬츠 [2COLORS],77000.0,51205,33,4.7,23,1007,308943745,https://www.wconcept.co.kr/Product/308943745,https://product-image.wconcept.co.kr/productimg/image/img1/45/308943745_UR27164.jpg?RS=412,여성,의류,데님,부츠컷진
20,루에브르,[NEW컬러추가][단독] Oversized tweed jacket SW5SJ102_3color,259000.0,181953,29,4.9,857,9999,306362127,https://www.wconcept.co.kr/Product/306362127,https://product-image.wconcept.co.kr/productimg/image/img1/27/306362127_HD19111.jpg?RS=412,여성,의류,아우터,자켓
21,지지피엑스,엘레강스 레이스 배색 새틴 민소매 (GQCLW001D),59000.0,22896,61,4.8,33,3447,308805404,https://www.wconcept.co.kr/Product/308805404,https://product-image.wconcept.co.kr/productimg/image/img1/04/308805404_VC20269.jpg?RS=412,여성,의류,티셔츠,반팔
22,마르벳,Draping Wrap Shirt_Ivory,130000.0,77416,40,5.0,6,1653,308961006,https://www.wconcept.co.kr/Product/308961006,https://product-image.wconcept.co.kr/productimg/image/img1/06/308961006_KH36215.jpg?RS=412,여성,의류,셔츠,셔츠
23,틸아이다이,[단 하루!] [헤이가가 Pick]STRIPE COTTON TEE [TIFA04LT05]_Gray,45000.0,27830,38,5.0,7,714,308886882,https://www.wconcept.co.kr/Product/308886882,https://product-image.wconcept.co.kr/productimg/image/img1/82/308886882_GG39799.jpg?RS=412,여성,의류,티셔츠,긴팔
24,로트르드민,[20%쿠폰] [Summer Ver. 단독]Layered sheer shirt knit,139000.0,89376,35,4.9,508,9999,308161865,https://www.wconcept.co.kr/Product/308161865,https://product-image.wconcept.co.kr/productimg/image/img1/65/308161865_JA62564.jpg?RS=412,여성,의류,니트,풀오버
25,오스트카카,"[20+5%쿠폰] [묵화,임현주 PICK][단독] 오버사이즈 스웨이드 블루종 점퍼 다크브라운",279000.0,201438,27,5.0,30,3524,308900087,https://www.wconcept.co.kr/Product/308900087,https://product-image.wconcept.co.kr/productimg/image/img1/87/308900087_FN37329.jpg?RS=412,여성,의류,아우터,점퍼
26,틸아이다이,[단 하루!] [여울 Pick] Over-Fit utility jacket [TISP05JK09]_Stone beige,229000.0,141625,38,5.0,35,2877,308234960,https://www.wconcept.co.kr/Product/308234960,https://product-image.wconcept.co.kr/productimg/image/img1/60/308234960_BB70523.jpg?RS=412,여성,의류,아우터,자켓
27,틸아이다이,[단 하루!] Stripe soft touch T-shirt_Black,43000.0,26593,38,4.9,615,9800,303894890,https://www.wconcept.co.kr/Product/303894890,https://product-image.wconcept.co.kr/productimg/image/img1/90/303894890_GM11723.jpg?RS=412,여성,의류,티셔츠,긴팔
28,엽페,[30%쿠폰] 오버 스트라이프 티셔츠_네이비,79000.0,47005,40,4.9,130,8336,308189585,https://www.wconcept.co.kr/Product/308189585,https://product-image.wconcept.co.kr/productimg/image/img1/85/308189585_XW99009.jpg?RS=412,여성,의류,티셔츠,스웻
29,하우투러브미,[30%쿠폰] 하엘 보트넥 반팔 니트[black],89000.0,62300,30,5.0,6,1057,308920266,https://www.wconcept.co.kr/Product/308920266,https://product-image.wconcept.co.kr/productimg/image/img1/66/308920266_UW15465.jpg?RS=412,여성,의류,니트,풀오버
30,라운드트리코,[연우pick][울100]Classic Wholegarment V-neck _ 5Color,91000.0,57330,37,5.0,19,2478,308880392,https://www.wconcept.co.kr/Product/308880392,https://product-image.wconcept.co.kr/productimg/image/img1/92/308880392_RJ23407.jpg?RS=412,여성,의류,니트,풀오버
31,틸아이다이,[단 하루!] [여울 Pick] Wool cashmere V neck knit set [TIFA05SW05]_Mint,137000.0,84728,38,5.0,2,715,308886953,https://www.wconcept.co.kr/Product/308886953,https://product-image.wconcept.co.kr/productimg/image/img1/53/308886953_IU88430.jpg?RS=412,여성,의류,니트,풀오버
32,로브로브,[9/13 단 하루!] [이환PICK][W컨셉 단독][19차 리오더] 마이 애티튜드 니트 가디건_(8color),129000.0,57792,55,4.9,3151,9999,306052657,https://www.wconcept.co.kr/Product/306052657,https://product-image.wconcept.co.kr/productimg/image/img1/57/306052657_MT82470.jpg?RS=412,여성,의류,니트,가디건
33,모노로우,[30%쿠폰] [단독]NOA BAG 2COLORS,189000.0,132300,30,4.9,546,9999,308229643,https://www.wconcept.co.kr/Product/308229643,https://product-image.wconcept.co.kr/productimg/image/img1/43/308229643_BS58011.jpg?RS=412,여성,가방,숄더백,숄더백
34,하우투러브미,[30%쿠폰] 앨리 주름 티셔츠[charcoal],54000.0,37800,30,5.0,11,1672,308920375,https://www.wconcept.co.kr/Product/308920375,https://product-image.wconcept.co.kr/productimg/image/img1/75/308920375_TJ43489.jpg?RS=412,여성,의류,티셔츠,반팔
35,무니드,[20%쿠폰] NOEN CUPRA SHIRT - CHARCOAL,169000.0,122018,27,4.7,26,2533,308838705,https://www.wconcept.co.kr/Product/308838705,https://product-image.wconcept.co.kr/productimg/image/img1/05/308838705_AK76591.jpg?RS=412,여성,의류,셔츠,셔츠
36,파사드패턴,빈티지 캐빈 백_black,,178000,0,4.9,1630,9999,305715992,https://www.wconcept.co.kr/Product/305715992,https://product-image.wconcept.co.kr/productimg/image/img1/92/305715992_GH15615.jpg?RS=412,여성,가방,숄더백,숄더백
37,프론트로우,[앵콜 세일] [Drama Signature] Slim Button Blazer_3color,219000.0,141474,35,4.9,250,9999,305612236,https://www.wconcept.co.kr/Product/305612236,https://product-image.wconcept.co.kr/productimg/image/img1/36/305612236_IF42287.jpg?RS=412,여성,의류,아우터,자켓
38,르세지엠,[한정특가] Basic Suede Long Skirt - KhakiBrown,95000.0,59850,37,4.9,339,7610,307394153,https://www.wconcept.co.kr/Product/307394153,https://product-image.wconcept.co.kr/productimg/image/img1/53/307394153_HG30433.jpg?RS=412,여성,의류,스커트,롱
39,틸아이다이,[단 하루!] H-line belt set skirt [TIFA05SK01]_Charcoal,106000.0,65556,38,5.0,2,723,308886929,https://www.wconcept.co.kr/Product/308886929,https://product-image.wconcept.co.kr/productimg/image/img1/29/308886929_GG13115.jpg?RS=412,여성,의류,스커트,롱
40,엔젤삭스,ARKVE 미우 골지 면 여성 여자 패션 양말 SOCKS,7000.0,3500,50,4.9,97,2829,308931527,https://www.wconcept.co.kr/Product/308931527,https://product-image.wconcept.co.kr/productimg/image/img1/27/308931527_EH20373.jpg?RS=412,여성,액세서리,패션액세서리,양말
41,자빈드서울,[월간뷰티] 윙크 아이 쉐이드 프라이머 15종 택1,16000.0,12160,24,4.9,1115,1971,302199664,https://www.wconcept.co.kr/Product/302199664,https://product-image.wconcept.co.kr/productimg/image/img1/64/302199664_EJ87142.jpg?RS=412,뷰티,메이크업,아이메이크업,섀도우/팔레트
42,무니드,[단 하루!30%쿠폰] LEATHER BLOUSON JUMPER - BLACK,289000.0,202300,30,5.0,45,2719,308284404,https://www.wconcept.co.kr/Product/308284404,https://product-image.wconcept.co.kr/productimg/image/img1/04/308284404_QV14026.jpg?RS=412,여성,의류,아우터,점퍼
43,더라우스트,"[문경, 주미니 PI] 투웨이 버튼 가디건 PURPLE",74000.0,49210,33,5.0,27,2582,308897840,https://www.wconcept.co.kr/Product/308897840,https://product-image.wconcept.co.kr/productimg/image/img1/40/308897840_GC96581.jpg?RS=412,여성,의류,니트,가디건
44,마인드브릿지 우먼,"[주미니pick] [단독] 레이어드 나시 카라 가디건 세트_2colors / 브라운,라이트 그레이",129000.0,62860,51,5.0,1,862,308837868,https://www.wconcept.co.kr/Product/308837868,https://product-image.wconcept.co.kr/productimg/image/img1/68/308837868_MA98508.jpg?RS=412,여성,의류,니트,가디건
45,엘리자베스 스튜어트,[30%쿠폰] [한소진 PICK] 미뇽 발레 제니 펌프스 EBAL165513,159000.0,69930,56,5.0,4,2708,308893291,https://www.wconcept.co.kr/Product/308893291,https://product-image.wconcept.co.kr/productimg/image/img1/91/308893291_XI49914.jpg?RS=412,여성,신발,펌프스,미드힐
46,메무아,[30%쿠폰] 에끌로 새틴 레이스 블라우스,56000.0,31360,44,4.8,50,4335,308833692,https://www.wconcept.co.kr/Product/308833692,https://product-image.wconcept.co.kr/productimg/image/img1/92/308833692_HN48806.jpg?RS=412,여성,의류,블라우스,블라우스
47,꼼파뇨 키즈,[키즈원더랜드] KIDS 캣스티치 피그먼트 롱슬리브 고스트그레이,42000.0,19551,53,5.0,1,356,308948727,https://www.wconcept.co.kr/Product/308948727,https://product-image.wconcept.co.kr/productimg/image/img1/27/308948727_MI17345.jpg?RS=412,키즈,의류,상의,긴팔티셔츠
48,하우투러브미,[30%쿠폰] 카엘리 누벅 레더 자켓[brown],218000.0,152600,30,5.0,5,799,308920521,https://www.wconcept.co.kr/Product/308920521,https://product-image.wconcept.co.kr/productimg/image/img1/21/308920521_RB82785.jpg?RS=412,여성,의류,아우터,레더
49,마인드브릿지 우먼,[주미니pick] [소가죽][스웨이드/스퀘어] 카우레더 버클 벨트_5colors,49900.0,18830,62,4.9,3062,9999,305966267,https://www.wconcept.co.kr/Product/305966267,https://product-image.wconcept.co.kr/productimg/image/img1/67/305966267_WQ29190.jpg?RS=412,여성,액세서리,패션액세서리,벨트
50,시티브리즈,[주말특가] [리뉴얼 ver] 루즈핏 사선 절개 싱글 자켓_3COLORS,249000.0,149026,40,4.9,443,9999,305682540,https://www.wconcept.co.kr/Product/305682540,https://product-image.wconcept.co.kr/productimg/image/img1/40/305682540_CR51556.jpg?RS=412,여성,의류,아우터,자켓
51,뉴발란스,뉴발란스 1906 남여공용 운동화 하버 M1906REH,229000.0,130400,43,4.9,699,9999,305685774,https://www.wconcept.co.kr/Product/305685774,https://product-image.wconcept.co.kr/productimg/image/img1/74/305685774_GL58842.jpg?RS=412,스포츠/액티브,신발,스니커즈,스니커즈
52,아비스파,[30%쿠폰] [단독]Rosevil 로즈빌 메리제인 라운드토 플랫슈즈_F212_2colors_1cm,99000.0,60060,39,5.0,32,1305,308868252,https://www.wconcept.co.kr/Product/308868252,https://product-image.wconcept.co.kr/productimg/image/img1/52/308868252_VB90187.jpg?RS=412,여성,신발,플랫슈즈,메리제인
53,아디다스,[KE3576] 3S PL,89000.0,49840,44,5.0,10,85,308282989,https://www.wconcept.co.kr/Product/308282989,https://product-image.wconcept.co.kr/productimg/image/img1/89/308282989_CJ75425.jpg?RS=412,스포츠/액티브,상의,티셔츠,피케/카라 티셔츠
54,무니드,[단 하루!30%쿠폰] PEARL OPEN COLLAR SHIRT - SILVER,134000.0,93800,30,4.9,234,8859,308283249,https://www.wconcept.co.kr/Product/308283249,https://product-image.wconcept.co.kr/productimg/image/img1/49/308283249_EU90140.jpg?RS=412,여성,의류,셔츠,셔츠
55,하우투러브미,[30%쿠폰] [컬러/사이즈추가]로먼 하이넥 블라우스[2colors],118000.0,82600,30,4.9,193,9999,308317387,https://www.wconcept.co.kr/Product/308317387,https://product-image.wconcept.co.kr/productimg/image/img1/87/308317387_DB46129.jpg?RS=412,여성,의류,블라우스,블라우스
56,슬로우롤리,[20%쿠폰] Belted denim jacket_2 Colors,225000.0,135000,40,5.0,44,300,308826676,https://www.wconcept.co.kr/Product/308826676,https://product-image.wconcept.co.kr/productimg/image/img1/76/308826676_IL70175.jpg?RS=412,여성,의류,데님,아우터
57,파사드패턴,커브드 데님_vintage midnight,,158000,0,4.9,291,7807,306933814,https://www.wconcept.co.kr/Product/306933814,https://product-image.wconcept.co.kr/productimg/image/img1/14/306933814_GG20862.jpg?RS=412,여성,의류,데님,스트레이트진
58,프론트로우,[앵콜 세일] [이태리 트위드]Trimmed Over-fit Tweed Jacket_3color,279000.0,180234,35,5.0,140,8130,308023502,https://www.wconcept.co.kr/Product/308023502,https://product-image.wconcept.co.kr/productimg/image/img1/02/308023502_RM64690.jpg?RS=412,여성,의류,아우터,자켓
59,바시카,[20%쿠폰] 레이어드 셔츠 니트 탑_2color,117000.0,87142,25,5.0,8,3020,308826909,https://www.wconcept.co.kr/Product/308826909,https://product-image.wconcept.co.kr/productimg/image/img1/09/308826909_HJ23273.jpg?RS=412,여성,의류,티셔츠,긴팔
60,논앤논,[30%쿠폰] 하이넥 트렌치 블루종 점퍼_NFJP6608,178000.0,124600,30,4.0,1,1080,308947416,https://www.wconcept.co.kr/Product/308947416,https://product-image.wconcept.co.kr/productimg/image/img1/16/308947416_GG13829.jpg?RS=412,여성,의류,아우터,점퍼
61,로브로브,[9/13 단 하루!] [이환PICK][4차 리오더] 프렌치 트위드 자켓_BLACK,238000.0,137695,42,5.0,35,2374,308934847,https://www.wconcept.co.kr/Product/308934847,https://product-image.wconcept.co.kr/productimg/image/img1/47/308934847_BM83923.jpg?RS=412,여성,의류,아우터,자켓
62,틸아이다이,[단 하루!] [여울 Pick] Modal basic slim t-shirt[4color],42000.0,25975,38,4.9,442,7335,305688798,https://www.wconcept.co.kr/Product/305688798,https://product-image.wconcept.co.kr/productimg/image/img1/98/305688798_ON84010.jpg?RS=412,여성,의류,티셔츠,긴팔
63,시야쥬,[한정특가] SITP5160 루즈핏 링클 실키 셔츠_Black,87000.0,60552,30,4.9,576,9999,306048775,https://www.wconcept.co.kr/Product/306048775,https://product-image.wconcept.co.kr/productimg/image/img1/75/306048775_NT74894.jpg?RS=412,여성,의류,셔츠,셔츠
64,아워코모스,[48H 특가] [단독] comos 1537 draped button wrap blouse (sora),93000.0,57516,38,5.0,21,3383,307364525,https://www.wconcept.co.kr/Product/307364525,https://product-image.wconcept.co.kr/productimg/image/img1/25/307364525_EI28747.jpg?RS=412,여성,의류,블라우스,블라우스
65,수아레 우먼,[20%쿠폰] (우먼)코튼 캐시 브이넥 니트 - 4 COLOR,72000.0,31104,56,5.0,84,1265,308221572,https://www.wconcept.co.kr/Product/308221572,https://product-image.wconcept.co.kr/productimg/image/img1/72/308221572_LL55857.jpg?RS=412,여성,의류,니트,풀오버
66,모한,[앵콜30%쿠폰] TVF SATIN LACE SKIRT_2COLORS,129000.0,81270,37,5.0,48,2289,307428905,https://www.wconcept.co.kr/Product/307428905,https://product-image.wconcept.co.kr/productimg/image/img1/05/307428905_WF52541.jpg?RS=412,여성,의류,스커트,롱
67,아워코모스,[48H 특가] high-neck shirring blouse (mocha) orc 6112,90000.0,56857,36,5.0,4,1281,308924024,https://www.wconcept.co.kr/Product/308924024,https://product-image.wconcept.co.kr/productimg/image/img1/24/308924024_UH74554.jpg?RS=412,여성,의류,블라우스,블라우스
68,시티브리즈,[주말특가] [신규 컬러] NEW 링클 프리 슬림핏 셔츠_8COLORS,79900.0,47820,40,5.0,165,2110,308499922,https://www.wconcept.co.kr/Product/308499922,https://product-image.wconcept.co.kr/productimg/image/img1/22/308499922_IO43074.jpg?RS=412,여성,의류,셔츠,셔츠
69,틸아이다이,[단 하루!] Leather quilting high neck blouson [TIFA06LE01]_Black,249000.0,153994,38,5.0,2,89,308972893,https://www.wconcept.co.kr/Product/308972893,https://product-image.wconcept.co.kr/productimg/image/img1/93/308972893_GG28045.jpg?RS=412,여성,의류,아우터,레더
70,시야쥬,[한정특가] SIKN2156 울 블렌드 루즈 브이넥 니트_Black,117000.0,76249,34,4.9,738,9999,307381363,https://www.wconcept.co.kr/Product/307381363,https://product-image.wconcept.co.kr/productimg/image/img1/63/307381363_WX51737.jpg?RS=412,여성,의류,니트,풀오버
71,무니드,[단 하루!30%쿠폰] TENDER LACE SKIRT - BLACK,109000.0,76300,30,4.9,16,1324,308838692,https://www.wconcept.co.kr/Product/308838692,https://product-image.wconcept.co.kr/productimg/image/img1/92/308838692_UB32750.jpg?RS=412,여성,의류,스커트,미디
72,틸아이다이,[단 하루!] [헤이가가 Pick]High neck belted leather jacket [TIFA05LE02]_Black,259000.0,167068,35,5.0,7,781,308887002,https://www.wconcept.co.kr/Product/308887002,https://product-image.wconcept.co.kr/productimg/image/img1/02/308887002_XR26768.jpg?RS=412,여성,의류,아우터,레더
73,더라우스트,[단 3일!] 유틸리티 드로우스트링 트렌치 점퍼 (3COLOR),142000.0,89460,37,4.9,427,9999,307360523,https://www.wconcept.co.kr/Product/307360523,https://product-image.wconcept.co.kr/productimg/image/img1/23/307360523_LM22164.jpg?RS=412,여성,의류,아우터,점퍼
74,드로우핏 우먼,[9/13 단 하루!] 에센셜 소프트 브이넥 니트 [4COLORS],72000.0,45360,37,5.0,9,722,308891539,https://www.wconcept.co.kr/Product/308891539,https://product-image.wconcept.co.kr/productimg/image/img1/39/308891539_UH65621.jpg?RS=412,여성,의류,니트,풀오버
75,프렌치시크,[30%쿠폰] (긴팔ver.추가)노벨리 팬던트 카라 니트 가디건_F6S254CA,39800.0,27860,30,4.9,547,9999,308355180,https://www.wconcept.co.kr/Product/308355180,https://product-image.wconcept.co.kr/productimg/image/img1/80/308355180_KJ93643.jpg?RS=412,여성,의류,니트,가디건
76,틸아이다이,[단 하루!] [다연 Pick]Classic belted trench coat [TIFA05CT03]_Light beige,191000.0,120664,36,5.0,1,894,308887000,https://www.wconcept.co.kr/Product/308887000,https://product-image.wconcept.co.kr/productimg/image/img1/00/308887000_HG35101.jpg?RS=412,여성,의류,아우터,트렌치코트
77,에임에이지 스튜디오,[단독]N CHIC VILLE LARGE BAG_3 colors,319000.0,223300,30,4.9,576,9999,306311259,https://www.wconcept.co.kr/Product/306311259,https://product-image.wconcept.co.kr/productimg/image/img1/59/306311259_FK54204.jpg?RS=412,여성,가방,숄더백,숄더백
78,무니드,[20%쿠폰] NOEN CUPRA SHIRT - PURPLE,169000.0,122018,27,4.8,26,3307,308838704,https://www.wconcept.co.kr/Product/308838704,https://product-image.wconcept.co.kr/productimg/image/img1/04/308838704_NA18096.jpg?RS=412,여성,의류,셔츠,셔츠
79,하우투러브미,[30%쿠폰] 앨리 주름 스카프[charcoal],34000.0,23800,30,4.9,12,736,308920367,https://www.wconcept.co.kr/Product/308920367,https://product-image.wconcept.co.kr/productimg/image/img1/67/308920367_QH62425.jpg?RS=412,여성,액세서리,스카프/머플러,스카프
80,메무아,[30%쿠폰] 블랭크 딥 브이넥 울니트_4 color,87000.0,48720,44,4.9,35,5753,308833741,https://www.wconcept.co.kr/Product/308833741,https://product-image.wconcept.co.kr/productimg/image/img1/41/308833741_GK20152.jpg?RS=412,여성,의류,니트,풀오버
81,망고매니플리즈,[20%쿠폰] [단독][3rd]MELISA SHIRRING ONE PIECE_CHARCOAL,135000.0,108000,20,4.9,20,2276,308891203,https://www.wconcept.co.kr/Product/308891203,https://product-image.wconcept.co.kr/productimg/image/img1/03/308891203_NF76928.jpg?RS=412,여성,의류,원피스,맥시
82,언에디트,[20%쿠폰] I Wool Drape Neck Feminine Knit_2colors,89000.0,64080,28,5.0,12,1194,308881545,https://www.wconcept.co.kr/Product/308881545,https://product-image.wconcept.co.kr/productimg/image/img1/45/308881545_BJ20495.jpg?RS=412,여성,의류,니트,풀오버
83,시티브리즈,[주말특가] [신규 컬러] NEW 링클 프리 오픈카라 셔츠_10COLORS,89900.0,53805,40,4.9,185,3213,308499919,https://www.wconcept.co.kr/Product/308499919,https://product-image.wconcept.co.kr/productimg/image/img1/19/308499919_LU60718.jpg?RS=412,여성,의류,셔츠,셔츠
84,세이지먼트,LISBON LAM LEATHER JACKET_BLACK,586000.0,377400,35,4.9,108,4681,306649958,https://www.wconcept.co.kr/Product/306649958,https://product-image.wconcept.co.kr/productimg/image/img1/58/306649958_CR15740.jpg?RS=412,여성,의류,아우터,레더
85,틸아이다이,[단 하루!] Wool cashmere V neck knit set [TIFA05SW08]_Charcoal,137000.0,84728,38,5.0,1,267,308886950,https://www.wconcept.co.kr/Product/308886950,https://product-image.wconcept.co.kr/productimg/image/img1/50/308886950_HL93828.jpg?RS=412,여성,의류,니트,풀오버
86,앤하츠,Vintage Muse Raglan Sweatshirt_CHARCOAL,118000.0,74340,37,4.9,43,1609,308352023,https://www.wconcept.co.kr/Product/308352023,https://product-image.wconcept.co.kr/productimg/image/img1/23/308352023_ML45076.jpg?RS=412,여성,의류,티셔츠,스웻
87,레브바이레브,[단독특가] [단독] 루 스퀘어 로퍼 Black[2.5cm / 5cm],128000.0,95334,25,4.9,36,2915,308324595,https://www.wconcept.co.kr/Product/308324595,https://product-image.wconcept.co.kr/productimg/image/img1/95/308324595_CN50761.jpg?RS=412,여성,신발,로퍼,플랫
88,언에디트,[위캔드오프] I Wool Henley Neck Contrast Knit_Midnight,108000.0,76205,29,5.0,4,1268,308965613,https://www.wconcept.co.kr/Product/308965613,https://product-image.wconcept.co.kr/productimg/image/img1/13/308965613_YN29756.jpg?RS=412,여성,의류,니트,풀오버
89,에토스,[단독] KHAKI TRENCH_KHAKI,465000.0,441750,5,5.0,128,2577,308936541,https://www.wconcept.co.kr/Product/308936541,https://product-image.wconcept.co.kr/productimg/image/img1/41/308936541_WK15705.jpg?RS=412,여성,의류,아우터,트렌치코트
90,틸아이다이,[단 하루!] [다연 Pick][스크런치 SET] Check overfit shirt jacket set [TIFA05SH03]_Navy,121000.0,74832,38,5.0,7,623,308886984,https://www.wconcept.co.kr/Product/308886984,https://product-image.wconcept.co.kr/productimg/image/img1/84/308886984_GG57780.jpg?RS=412,여성,의류,셔츠,셔츠
91,우이,[20%쿠폰] 에센셜 브이넥 가디건 블랙 OU1806,59000.0,35400,40,4.9,471,5425,307652598,https://www.wconcept.co.kr/Product/307652598,https://product-image.wconcept.co.kr/productimg/image/img1/98/307652598_LX60727.jpg?RS=412,여성,의류,니트,가디건
92,프렌치시크,[30%쿠폰] [인생360] [3단기장] [FW] 벨에포크 미들 클래식 폴딩핀턱 와이드 슬랙스_F6F550SL,69800.0,48860,30,5.0,2,69,308978417,https://www.wconcept.co.kr/Product/308978417,https://product-image.wconcept.co.kr/productimg/image/img1/17/308978417_MG34357.jpg?RS=412,여성,의류,팬츠,슬랙스
93,하우투러브미,[30%쿠폰] 네아 실키 다트 셔츠[champagne],145000.0,101500,30,5.0,6,377,308920124,https://www.wconcept.co.kr/Product/308920124,https://product-image.wconcept.co.kr/productimg/image/img1/24/308920124_MG48659.jpg?RS=412,여성,의류,셔츠,셔츠
94,씨씨콜렉트,[20%쿠폰] [하린 PICK][CC-Edit] 레더 블루종 점퍼 BR_C264MSJ705,299000.0,199971,33,5.0,1,822,308890336,https://www.wconcept.co.kr/Product/308890336,https://product-image.wconcept.co.kr/productimg/image/img1/36/308890336_PQ42771.jpg?RS=412,여성,의류,아우터,점퍼
95,앤하츠,Satin Lace Midi Skirt_CHARCOAL,108000.0,68040,37,5.0,4,331,308909473,https://www.wconcept.co.kr/Product/308909473,https://product-image.wconcept.co.kr/productimg/image/img1/73/308909473_LC33029.jpg?RS=412,여성,의류,스커트,미디
96,쎄씨,[20%쿠폰] 레이스 슬리브리스 블라우스 아이보리 C129,89000.0,53400,40,5.0,6,1727,308740011,https://www.wconcept.co.kr/Product/308740011,https://product-image.wconcept.co.kr/productimg/image/img1/11/308740011_MP71631.jpg?RS=412,여성,의류,블라우스,블라우스
97,꼼파뇨 키즈,[키즈원더랜드] KIDS 스트라이프 롱슬리브 네이비그린,42000.0,19551,53,,0,78,308948726,https://www.wconcept.co.kr/Product/308948726,https://product-image.wconcept.co.kr/productimg/image/img1/26/308948726_GG10643.jpg?RS=412,키즈,의류,상의,긴팔티셔츠
98,틸아이다이,[단 하루!] CASHMERE BLENDED ROUND WOOL KNIT [TIFA04SW07]_Brown,109000.0,67411,38,5.0,3,397,308886907,https://www.wconcept.co.kr/Product/308886907,https://product-image.wconcept.co.kr/productimg/image/img1/07/308886907_GK55499.jpg?RS=412,여성,의류,니트,풀오버
99,로트르드민,[단독] Feminine Layered Top,119000.0,83555,29,,0,1591,308938986,https://www.wconcept.co.kr/Product/308938986,https://product-image.wconcept.co.kr/productimg/image/img1/86/308938986_DJ89940.jpg?RS=412,여성,의류,셔츠,셔츠
100,프론트로우,[앵콜 세일] [Drama Signature] Relaxed Bootcut Trousers_2color,149000.0,96254,35,4.9,418,9311,305613843,https://www.wconcept.co.kr/Product/305613843,https://product-image.wconcept.co.kr/productimg/image/img1/43/305613843_UD18107.jpg?RS=412,여성,의류,팬츠,슬랙스
101,르메메,"[13+5%쿠폰] [단독][유하,예리 pick]Mouchou High Neck Leather Jumper_Brown",238000.0,195160,18,5.0,123,475,308903586,https://www.wconcept.co.kr/Product/308903586,https://product-image.wconcept.co.kr/productimg/image/img1/86/308903586_XB53540.jpg?RS=412,여성,의류,아우터,점퍼
102,유메르,[한정특가] [단독] 줄리아 브이 니트 (Grey),164000.0,49200,70,4.8,274,8117,306040949,https://www.wconcept.co.kr/Product/306040949,https://product-image.wconcept.co.kr/productimg/image/img1/49/306040949_GK95788.jpg?RS=412,여성,의류,니트,풀오버
103,바시카,[20%쿠폰] 라운드 카라 스웨이드 봄버 자켓_brown,185000.0,140600,24,4.8,121,9507,308146744,https://www.wconcept.co.kr/Product/308146744,https://product-image.wconcept.co.kr/productimg/image/img1/44/308146744_SY58324.jpg?RS=412,여성,의류,아우터,자켓
104,제이청,"[20%쿠폰] [단독] [곰송이, 하언PICK] Wet Faux Leather Blouson_Camel (5차 리오더)",319000.0,218196,31,5.0,177,9999,307319127,https://www.wconcept.co.kr/Product/307319127,https://product-image.wconcept.co.kr/productimg/image/img1/27/307319127_FI57656.jpg?RS=412,여성,의류,아우터,점퍼
105,플로움,Overlay Scarf Dress(3color),,358000,0,4.9,63,7731,307330122,https://www.wconcept.co.kr/Product/307330122,https://product-image.wconcept.co.kr/productimg/image/img1/22/307330122_PK61898.jpg?RS=412,여성,의류,원피스,맥시
106,마롭,[단하루! 20%쿠폰] 4126 텐셀 슬림핏 셔츠 (화이트),109000.0,85456,21,5.0,4,615,308891452,https://www.wconcept.co.kr/Product/308891452,https://product-image.wconcept.co.kr/productimg/image/img1/52/308891452_XJ80427.jpg?RS=412,여성,의류,셔츠,셔츠
107,틸아이다이,[단 하루!] [이서경 Pick] Washed cotton high neck jacket [TIFA05JK01]_Beige,209000.0,129256,38,5.0,3,1112,308886997,https://www.wconcept.co.kr/Product/308886997,https://product-image.wconcept.co.kr/productimg/image/img1/97/308886997_YF86700.jpg?RS=412,여성,의류,아우터,자켓
108,하우투러브미,[30%쿠폰] 티아나 숄카라 니트 나시 가디건 세트[gray],169000.0,118300,30,5.0,3,711,308920167,https://www.wconcept.co.kr/Product/308920167,https://product-image.wconcept.co.kr/productimg/image/img1/67/308920167_QG89879.jpg?RS=412,여성,의류,니트,가디건
109,모노로우,[30%쿠폰] [단독]SARA BAG 6COLORS,169000.0,118300,30,4.9,535,9999,306989933,https://www.wconcept.co.kr/Product/306989933,https://product-image.wconcept.co.kr/productimg/image/img1/33/306989933_OB35030.jpg?RS=412,여성,가방,숄더백,숄더백
110,로우틸,"[30%쿠폰] [명진 PICK]LT899 PLEATS MAXI SKIRT, BLACK",151000.0,86674,42,4.9,67,5812,308472864,https://www.wconcept.co.kr/Product/308472864,https://product-image.wconcept.co.kr/productimg/image/img1/64/308472864_HG24128.jpg?RS=412,여성,의류,스커트,롱
111,로트르드민,[20%쿠폰] [단독] Halter Layered Shirt Top,109000.0,76832,29,4.9,56,6093,308867100,https://www.wconcept.co.kr/Product/308867100,https://product-image.wconcept.co.kr/productimg/image/img1/00/308867100_OT80181.jpg?RS=412,여성,의류,셔츠,셔츠
112,베르네프,[6차리오더] 스트라이프 오픈카라 티셔츠 (3colors) WINE컬러추가,98000.0,65170,33,4.9,37,2059,308305489,https://www.wconcept.co.kr/Product/308305489,https://product-image.wconcept.co.kr/productimg/image/img1/89/308305489_CI13650.jpg?RS=412,여성,의류,티셔츠,긴팔
113,슬로우롤리,[20%쿠폰] Belted cotton work jacket_2 Colors,243000.0,145800,40,5.0,26,349,308870556,https://www.wconcept.co.kr/Product/308870556,https://product-image.wconcept.co.kr/productimg/image/img1/56/308870556_FF69278.jpg?RS=412,여성,의류,아우터,자켓
114,아틀리에 나인,[9/13 단 하루!] [W컨셉 단독] UNBALANCEBUTTON STRING VOLUME CARDIGAN S (CD-2248),109000.0,82892,23,5.0,5,1299,308901712,https://www.wconcept.co.kr/Product/308901712,https://product-image.wconcept.co.kr/productimg/image/img1/12/308901712_HG16866.jpg?RS=412,여성,의류,니트,가디건
115,틸아이다이,[단 하루!] [여울 Pick] CASHMERE BLENDED V-NECK WOOL KNIT [TIFA04SW14]_Brown,121000.0,74832,38,5.0,1,94,308886899,https://www.wconcept.co.kr/Product/308886899,https://product-image.wconcept.co.kr/productimg/image/img1/99/308886899_EH80145.jpg?RS=412,여성,의류,니트,풀오버
116,틸아이다이,[단 하루!] [헤이가가 Pick]Washed cotton high neck jacket [TIFA05JK02]_Navy,209000.0,134815,35,4.8,5,1360,308886996,https://www.wconcept.co.kr/Product/308886996,https://product-image.wconcept.co.kr/productimg/image/img1/96/308886996_GM16441.jpg?RS=412,여성,의류,아우터,자켓
117,레테라,[30%쿠폰] [단독]Urban Safari Jumper_Beige,198000.0,138600,30,5.0,24,2008,308895677,https://www.wconcept.co.kr/Product/308895677,https://product-image.wconcept.co.kr/productimg/image/img1/77/308895677_DP31415.jpg?RS=412,여성,의류,아우터,점퍼
118,올리브데올리브,[30%쿠폰] [해삐PICK]오버핏 스웨이드 블루종 점퍼 OE6XJ8740,329000.0,154301,53,5.0,157,9964,307393621,https://www.wconcept.co.kr/Product/307393621,https://product-image.wconcept.co.kr/productimg/image/img1/21/307393621_JM76962.jpg?RS=412,여성,의류,아우터,자켓
119,틸아이다이,[단 하루!] Raglan oversized modal tee [TIFA06LT04]_Ivory,76000.0,47002,38,,0,90,308972836,https://www.wconcept.co.kr/Product/308972836,https://product-image.wconcept.co.kr/productimg/image/img1/36/308972836_KN17862.jpg?RS=412,여성,의류,티셔츠,긴팔
120,오디에르,[30%쿠폰] mohair stripe collar pullover-4colors,119000.0,62475,47,4.9,148,8411,307375766,https://www.wconcept.co.kr/Product/307375766,https://product-image.wconcept.co.kr/productimg/image/img1/66/307375766_SC13998.jpg?RS=412,여성,의류,니트,풀오버
121,어스,[30%쿠폰] [10차리오더][기장선택가능] US102 레귤러 플레어진 (연청),118000.0,61600,47,4.9,633,9999,307187866,https://www.wconcept.co.kr/Product/307187866,https://product-image.wconcept.co.kr/productimg/image/img1/66/307187866_YQ21290.jpg?RS=412,여성,의류,데님,부츠컷진
122,레이첼콕스,[20%쿠폰] [단독][블랙3일배송]LORNE Wedge Slingback_RC3002P,210000.0,143640,31,5.0,13,2099,308882914,https://www.wconcept.co.kr/Product/308882914,https://product-image.wconcept.co.kr/productimg/image/img1/14/308882914_LT61250.jpg?RS=412,여성,신발,펌프스,미드힐
123,슬로우롤리,[20%쿠폰] Check pocket shirt_2 Colors,146000.0,87600,40,5.0,43,364,308870240,https://www.wconcept.co.kr/Product/308870240,https://product-image.wconcept.co.kr/productimg/image/img1/40/308870240_JI84049.jpg?RS=412,여성,의류,셔츠,셔츠
124,틸아이다이,[단 하루!] Wool blend tailored jacket [TIFA06JK03]_Brown,235000.0,145336,38,,0,39,308972879,https://www.wconcept.co.kr/Product/308972879,https://product-image.wconcept.co.kr/productimg/image/img1/79/308972879_GI12938.jpg?RS=412,여성,의류,아우터,자켓
125,사르투,[30%쿠폰] [단독]UYE shoulder bag_4colors,315000.0,198450,37,4.8,116,6078,308113184,https://www.wconcept.co.kr/Product/308113184,https://product-image.wconcept.co.kr/productimg/image/img1/84/308113184_CP13528.jpg?RS=412,여성,가방,숄더백,숄더백
126,아디다스,[JQ0598] TOKYO W,139000.0,76283,45,5.0,42,753,308590051,https://www.wconcept.co.kr/Product/308590051,https://product-image.wconcept.co.kr/productimg/image/img1/51/308590051_LJ88313.jpg?RS=412,스포츠/액티브,신발,스니커즈,스니커즈
127,듀엘,[W단독][Ceremony][3차][리라] 아워글래스 트위드 자켓 CR_D263MSF731,299000.0,188370,37,5.0,35,4984,308268390,https://www.wconcept.co.kr/Product/308268390,https://product-image.wconcept.co.kr/productimg/image/img1/90/308268390_FH83001.jpg?RS=412,여성,의류,아우터,자켓
128,팁토이조이,[켈리맘Pick] 걸음마신발 천연가죽 펑키F - 타피오카,99000.0,59400,40,5.0,3,67,307438120,https://www.wconcept.co.kr/Product/307438120,https://product-image.wconcept.co.kr/productimg/image/img1/20/307438120_DU35474.jpg?RS=412,키즈,신발,스니커즈,스니커즈
129,휠라,[한소희 PICK] 글리오 LX 에스프레소_FS263OD03X078_217,,119000,0,5.0,26,1132,308811764,https://www.wconcept.co.kr/Product/308811764,https://product-image.wconcept.co.kr/productimg/image/img1/64/308811764_PA13755.jpg?RS=412,스포츠/액티브,신발,스니커즈,스니커즈
130,꼼파뇨 키즈,[키즈원더랜드] KIDS 허프 홉피 피그먼트 롱슬리브 더스티핑크,42000.0,19551,53,,0,151,308948735,https://www.wconcept.co.kr/Product/308948735,https://product-image.wconcept.co.kr/productimg/image/img1/35/308948735_GK16088.jpg?RS=412,키즈,의류,상의,긴팔티셔츠
131,로브로브,[9/13 단 하루!] [4차 리오더] 컷아웃 숄더 드레이핑 니트_(2color),93000.0,54033,41,5.0,17,2095,308936618,https://www.wconcept.co.kr/Product/308936618,https://product-image.wconcept.co.kr/productimg/image/img1/18/308936618_JV65400.jpg?RS=412,여성,의류,니트,풀오버
132,아워코모스,[48H 특가] [단독] comos 1048 layered tuck wide slacks (3color),92000.0,56897,38,4.9,479,9999,305694301,https://www.wconcept.co.kr/Product/305694301,https://product-image.wconcept.co.kr/productimg/image/img1/01/305694301_PX41010.jpg?RS=412,여성,의류,팬츠,슬랙스
133,드메리엘,Veneta Hobo Bag Medium_8Colors,258000.0,180148,30,4.9,453,9999,306066630,https://www.wconcept.co.kr/Product/306066630,https://product-image.wconcept.co.kr/productimg/image/img1/30/306066630_KP34941.jpg?RS=412,여성,가방,숄더백,숄더백
134,모노로우,[30%쿠폰] [단독]JURI BAG 4COLORS,149000.0,104300,30,4.9,789,9999,306989867,https://www.wconcept.co.kr/Product/306989867,https://product-image.wconcept.co.kr/productimg/image/img1/67/306989867_PE78307.jpg?RS=412,여성,가방,숄더백,숄더백
135,틸아이다이,[단 하루!] Mac half trench coat_Deep beige,223000.0,137914,38,4.9,354,9999,303894548,https://www.wconcept.co.kr/Product/303894548,https://product-image.wconcept.co.kr/productimg/image/img1/48/303894548_GG12444.jpg?RS=412,여성,의류,아우터,트렌치코트
136,오프 앤드 어웨이,플리츠 슬릿 레이온 스커트_charcoal,119800.0,75139,37,4.9,56,2085,307496326,https://www.wconcept.co.kr/Product/307496326,https://product-image.wconcept.co.kr/productimg/image/img1/26/307496326_LH10808.jpg?RS=412,여성,의류,스커트,롱
137,슬로우롤리,[20%쿠폰] [8차] Cotton half work jacket,225000.0,135000,40,5.0,631,8521,307377950,https://www.wconcept.co.kr/Product/307377950,https://product-image.wconcept.co.kr/productimg/image/img1/50/307377950_IH66307.jpg?RS=412,여성,의류,아우터,자켓
138,문트,[20%쿠폰] [10차 오더]하이웨이스트 부츠컷 데님 팬츠_4 color,156000.0,106704,31,4.9,206,3802,306616890,https://www.wconcept.co.kr/Product/306616890,https://product-image.wconcept.co.kr/productimg/image/img1/90/306616890_RC61074.jpg?RS=412,여성,의류,데님,부츠컷진
139,하우투러브미,[30%쿠폰] [사이즈추가]알리나 H라인 나염 스커트[beige],119000.0,83300,30,5.0,6,765,308920530,https://www.wconcept.co.kr/Product/308920530,https://product-image.wconcept.co.kr/productimg/image/img1/30/308920530_EY75302.jpg?RS=412,여성,의류,스커트,롱
140,비에이유 바이 브라이드앤유,[한정특가] [3차]RAYA Double breasted mermaid tweed long dress (Mint/Ivory/Black),358000.0,272840,23,4.9,67,5375,306394485,https://www.wconcept.co.kr/Product/306394485,https://product-image.wconcept.co.kr/productimg/image/img1/85/306394485_XJ51522.jpg?RS=412,여성,의류,원피스,맥시
141,무니드,[단 하루!30%쿠폰] MIEN LACE LAYERED TOP - CREAM,104000.0,72800,30,5.0,7,622,308834617,https://www.wconcept.co.kr/Product/308834617,https://product-image.wconcept.co.kr/productimg/image/img1/17/308834617_LW26207.jpg?RS=412,여성,의류,티셔츠,슬리브리스
142,드로우핏 우먼,[9/13 단 하루!] 2버튼 오버핏 싱글 블레이저 [4COLORS],174000.0,98353,43,4.9,1295,9999,305989731,https://www.wconcept.co.kr/Product/305989731,https://product-image.wconcept.co.kr/productimg/image/img1/31/305989731_WS24972.jpg?RS=412,여성,의류,아우터,자켓
143,잇미샤,[30%쿠폰] [리오더][단독]잇미샤 레이어드 롱 원피스 ITQ5ZOP460 (2COLOR),259000.0,181300,30,5.0,93,9999,308421548,https://www.wconcept.co.kr/Product/308421548,https://product-image.wconcept.co.kr/productimg/image/img1/48/308421548_VQ56592.jpg?RS=412,여성,의류,원피스,미디
144,프론트로우,[앵콜 세일] Half-neck Trench Jumper_2color,259000.0,157472,39,5.0,2,1573,308740093,https://www.wconcept.co.kr/Product/308740093,https://product-image.wconcept.co.kr/productimg/image/img1/93/308740093_VF19806.jpg?RS=412,여성,의류,아우터,점퍼
145,모한,[앵콜30%쿠폰] TVF MERINO WOOL OVERFIT V-NECK KNIT TOP_5COLORS,109000.0,68670,37,4.9,125,3277,307432628,https://www.wconcept.co.kr/Product/307432628,https://product-image.wconcept.co.kr/productimg/image/img1/28/307432628_HV21544.jpg?RS=412,여성,의류,니트,풀오버
146,틸아이다이,[단 하루!] [헤이가가 Pick]Embroidered check blouse [TIFA05BL08]_Beige,119000.0,73596,38,5.0,9,590,308886988,https://www.wconcept.co.kr/Product/308886988,https://product-image.wconcept.co.kr/productimg/image/img1/88/308886988_GN12239.jpg?RS=412,여성,의류,블라우스,블라우스
147,뉴발란스,[뉴발란스] 운동화 204L 스웨이드 스니커즈 머쉬룸 애리드 스톤 U204LMMA,191000.0,110400,42,5.0,6,301,308684692,https://www.wconcept.co.kr/Product/308684692,https://product-image.wconcept.co.kr/productimg/image/img1/92/308684692_FB66140.jpg?RS=412,스포츠/액티브,신발,스니커즈,스니커즈
148,틸아이다이,[단 하루!] [여울 Pick] Suede double collar jumper [TIFA05LE04]_Stone beige,269000.0,166363,38,,0,223,308886995,https://www.wconcept.co.kr/Product/308886995,https://product-image.wconcept.co.kr/productimg/image/img1/95/308886995_AJ47179.jpg?RS=412,여성,의류,아우터,점퍼
149,마스 언 에브릴,[지수PICK]NICE RUGBY SWEATSHIRT_CHOCOLATE,94000.0,71440,24,4.8,16,976,308912914,https://www.wconcept.co.kr/Product/308912914,https://product-image.wconcept.co.kr/productimg/image/img1/14/308912914_BY88176.jpg?RS=412,여성,의류,티셔츠,스웻
150,휠라,[차정원 PICK] 글리오 LX 블랙_FS263OD03X078_001,,119000,0,5.0,11,297,308811762,https://www.wconcept.co.kr/Product/308811762,https://product-image.wconcept.co.kr/productimg/image/img1/62/308811762_UF61273.jpg?RS=412,스포츠/액티브,신발,스니커즈,스니커즈
151,아워코모스,[48H 특가] [단독] cowl-neck slit dress (navy) orc 6119,196000.0,121216,38,5.0,1,531,308926164,https://www.wconcept.co.kr/Product/308926164,https://product-image.wconcept.co.kr/productimg/image/img1/64/308926164_WA23463.jpg?RS=412,여성,의류,원피스,맥시
152,마르벳,[한정특가] Stretch Capri Pants_Black,115000.0,69034,39,5.0,19,497,308854344,https://www.wconcept.co.kr/Product/308854344,https://product-image.wconcept.co.kr/productimg/image/img1/44/308854344_NN25632.jpg?RS=412,여성,의류,팬츠,슬랙스
153,틸아이다이,[단 하루!] Stripe soft touch T-shirt_Navy,43000.0,26593,38,4.9,123,2165,306040927,https://www.wconcept.co.kr/Product/306040927,https://product-image.wconcept.co.kr/productimg/image/img1/27/306040927_OG15556.jpg?RS=412,여성,의류,티셔츠,긴팔
154,잇미샤,[30%쿠폰] [단독][유영PICK][이너포함] 잇미샤 롤 카라 시어 블라우스 ITQ5WBL450,189000.0,132300,30,4.9,112,9999,308513841,https://www.wconcept.co.kr/Product/308513841,https://product-image.wconcept.co.kr/productimg/image/img1/41/308513841_QD27926.jpg?RS=412,여성,의류,블라우스,블라우스
155,틸아이다이,[단 하루!] Wool blend tailored jacket [TIFA06JK05]_Black,235000.0,145336,38,5.0,1,133,308972873,https://www.wconcept.co.kr/Product/308972873,https://product-image.wconcept.co.kr/productimg/image/img1/73/308972873_NG11175.jpg?RS=412,여성,의류,아우터,자켓
156,파사드패턴,스티브 백_black,,298000,0,4.9,190,4835,306063539,https://www.wconcept.co.kr/Product/306063539,https://product-image.wconcept.co.kr/productimg/image/img1/39/306063539_GO21462.jpg?RS=412,여성,가방,숄더백,숄더백
157,드로우핏 우먼,[9/13 단 하루!] 커브드 카라 울 트위드 숏 자켓 [2COLORS],177000.0,111820,36,4.8,33,2522,307426359,https://www.wconcept.co.kr/Product/307426359,https://product-image.wconcept.co.kr/productimg/image/img1/59/307426359_AD68202.jpg?RS=412,여성,의류,아우터,자켓
158,미드가르드,AYNO L Floor Lamp Silk Grey,,1800000,0,,0,73,307513718,https://www.wconcept.co.kr/Product/307513718,https://product-image.wconcept.co.kr/productimg/image/img1/18/307513718_VF30392.jpg?RS=412,라이프,가구/인테리어,조명,장스탠드
159,아디다스,[IY7278] KNITTED TOP,109000.0,76910,29,4.9,118,1653,306052544,https://www.wconcept.co.kr/Product/306052544,https://product-image.wconcept.co.kr/productimg/image/img1/44/306052544_QS16177.jpg?RS=412,스포츠/액티브,상의,맨투맨/스웨트셔츠,맨투맨/스웨트셔츠
160,프렌치시크,[30%쿠폰] 르베르 핸드버튼 시어 니트_F6H519KN,54000.0,34020,37,4.9,32,5089,308873046,https://www.wconcept.co.kr/Product/308873046,https://product-image.wconcept.co.kr/productimg/image/img1/46/308873046_GO90958.jpg?RS=412,여성,의류,니트,풀오버
161,하우투러브미,[30%쿠폰] 하엘 보트넥 반팔 니트[snow gray],89000.0,62300,30,5.0,3,440,308920277,https://www.wconcept.co.kr/Product/308920277,https://product-image.wconcept.co.kr/productimg/image/img1/77/308920277_IB78093.jpg?RS=412,여성,의류,니트,풀오버
162,슬로우롤리,[20%쿠폰] [10차] Metal emblem half trench coat,230000.0,138000,40,5.0,681,8055,307378126,https://www.wconcept.co.kr/Product/307378126,https://product-image.wconcept.co.kr/productimg/image/img1/26/307378126_XD34224.jpg?RS=412,여성,의류,아우터,코트
163,아티드,[한정특가] 캐시미어 100 라운드넥 투웨이 가디건_7COLORS,229900.0,165984,27,,0,38,308834639,https://www.wconcept.co.kr/Product/308834639,https://product-image.wconcept.co.kr/productimg/image/img1/39/308834639_GM64882.jpg?RS=412,여성,의류,니트,가디건
164,슬로우롤리,[20%쿠폰] [12차][컬러추가] Stripe crop basic shirt_6 Colors,137000.0,82200,40,5.0,580,3526,308133820,https://www.wconcept.co.kr/Product/308133820,https://product-image.wconcept.co.kr/productimg/image/img1/20/308133820_GG17807.jpg?RS=412,여성,의류,셔츠,셔츠
165,오브에르,[30%쿠폰] 오버레이 셔츠 블라우스_2color,168000.0,117600,30,4.7,3,472,308846859,https://www.wconcept.co.kr/Product/308846859,https://product-image.wconcept.co.kr/productimg/image/img1/59/308846859_ML79623.jpg?RS=412,여성,의류,셔츠,셔츠
166,그레이데시온,[한정특가] [령은 PICK] Asymmetric Overlap Drawstring Shirts WINE,158000.0,120080,24,5.0,2,278,308951017,https://www.wconcept.co.kr/Product/308951017,https://product-image.wconcept.co.kr/productimg/image/img1/17/308951017_YC63150.jpg?RS=412,여성,의류,셔츠,셔츠
167,헌치,[20%쿠폰] [보라프롬PICK][단독]Band Neck Suede Blouson (2color),238000.0,180880,24,5.0,9,709,308870153,https://www.wconcept.co.kr/Product/308870153,https://product-image.wconcept.co.kr/productimg/image/img1/53/308870153_IP12997.jpg?RS=412,여성,의류,아우터,점퍼
168,아티카,Duo Glam Up Earring.ebs004,38000.0,28800,24,4.8,137,3390,307539461,https://www.wconcept.co.kr/Product/307539461,https://product-image.wconcept.co.kr/productimg/image/img1/61/307539461_XI30252.jpg?RS=412,여성,액세서리,주얼리,귀걸이
169,노노어,오버 듀 립펜슬 1.4g,15000.0,10687,28,4.9,332,971,306965978,https://www.wconcept.co.kr/Product/306965978,https://product-image.wconcept.co.kr/productimg/image/img1/78/306965978_LV10291.jpg?RS=412,뷰티,메이크업,립메이크업,립스틱/펜슬/라이너
170,프론투라인,[뉴뉴 PICK] 반다 라이트 라인 조거 팬츠,55000.0,36540,33,4.9,114,2517,306743923,https://www.wconcept.co.kr/Product/306743923,https://product-image.wconcept.co.kr/productimg/image/img1/23/306743923_HV43792.jpg?RS=412,스포츠/액티브,하의,트레이닝/조거,조거 팬츠
171,히비스커스블룸,[30%쿠폰] Nicole Sequine Knit Cardigan [Black],188000.0,125020,33,4.9,129,6624,307602149,https://www.wconcept.co.kr/Product/307602149,https://product-image.wconcept.co.kr/productimg/image/img1/49/307602149_LF58742.jpg?RS=412,여성,의류,니트,가디건
172,엔젤삭스,1327 벨벳도트 3D 회색 그레이 차콜 검정 면 땡땡이 팬티 차정원 김나영 타이즈 스타킹,25800.0,13485,47,4.8,48,1838,308867821,https://www.wconcept.co.kr/Product/308867821,https://product-image.wconcept.co.kr/productimg/image/img1/21/308867821_GH20328.jpg?RS=412,여성,액세서리,패션액세서리,스타킹
173,뮤니에,FLOW BAG_7COLORS,149000.0,123148,17,4.9,174,7602,308312312,https://www.wconcept.co.kr/Product/308312312,https://product-image.wconcept.co.kr/productimg/image/img1/12/308312312_XF30361.jpg?RS=412,여성,가방,숄더백,숄더백
174,주르티,[20%쿠폰] 클래식 와이드 핀턱 슬랙스 차콜 J1805,109000.0,65400,40,4.9,56,3154,307421635,https://www.wconcept.co.kr/Product/307421635,https://product-image.wconcept.co.kr/productimg/image/img1/35/307421635_QF67553.jpg?RS=412,여성,의류,팬츠,슬랙스
175,엽페,[30%쿠폰] 라인 스트라이프 티셔츠_네이비,79000.0,49770,37,4.8,5,530,308843656,https://www.wconcept.co.kr/Product/308843656,https://product-image.wconcept.co.kr/productimg/image/img1/56/308843656_BF93291.jpg?RS=412,여성,의류,티셔츠,긴팔
176,리드볼트,[한정특가] 리드볼트 몬딱 캐리어 28인치,365000.0,249696,31,5.0,21,211,304312643,https://www.wconcept.co.kr/Product/304312643,https://product-image.wconcept.co.kr/productimg/image/img1/43/304312643_MG23327.jpg?RS=412,라이프,트래블/컬쳐,여행용품,중대형캐리어
177,토와브,[20%쿠폰] [단독] TOSCA TRENCH COAT_BEIGE,369000.0,266418,27,5.0,7,1069,308881009,https://www.wconcept.co.kr/Product/308881009,https://product-image.wconcept.co.kr/productimg/image/img1/09/308881009_IT66786.jpg?RS=412,여성,의류,아우터,코트
178,히비스커스블룸,[30%쿠폰] Angora Half-Sleeve Knit Sweater [Gray],102000.0,67830,33,4.9,49,2588,307516703,https://www.wconcept.co.kr/Product/307516703,https://product-image.wconcept.co.kr/productimg/image/img1/03/307516703_JB13245.jpg?RS=412,여성,의류,니트,풀오버
179,메무아,[30%쿠폰] 스푸마토 언발 블라우스,68000.0,38080,44,4.8,628,9999,307350064,https://www.wconcept.co.kr/Product/307350064,https://product-image.wconcept.co.kr/productimg/image/img1/64/307350064_HG84850.jpg?RS=412,여성,의류,블라우스,블라우스
180,히비스커스블룸,[30%쿠폰] Jenny Jaquard Flared Skirt [Black],168000.0,111720,33,4.9,82,8058,307602139,https://www.wconcept.co.kr/Product/307602139,https://product-image.wconcept.co.kr/productimg/image/img1/39/307602139_FL62623.jpg?RS=412,여성,의류,스커트,롱
181,스퍼,[20%쿠폰] [단독][주문폭주 블랙색상 09월 18일 출고] Split Bow Ribbon Banding Flat -WA9003 (3color),108000.0,73872,31,5.0,11,1136,308909143,https://www.wconcept.co.kr/Product/308909143,https://product-image.wconcept.co.kr/productimg/image/img1/43/308909143_XX10692.jpg?RS=412,여성,신발,플랫슈즈,플랫
182,틸아이다이,[단 하루!] High-neck leather point work jacket [TISP05JK06]_Black,241000.0,149046,38,4.8,26,1120,308234857,https://www.wconcept.co.kr/Product/308234857,https://product-image.wconcept.co.kr/productimg/image/img1/57/308234857_GG13968.jpg?RS=412,여성,의류,아우터,자켓
183,앤하츠,[단독] French Muse Artwork Sweatshirt_OATMEAL,108000.0,63504,41,4.9,164,5721,308352021,https://www.wconcept.co.kr/Product/308352021,https://product-image.wconcept.co.kr/productimg/image/img1/21/308352021_RS79076.jpg?RS=412,여성,의류,티셔츠,스웻
184,아디다스,[KI3583] TOKYO W,139000.0,87181,37,4.9,13,611,308390752,https://www.wconcept.co.kr/Product/308390752,https://product-image.wconcept.co.kr/productimg/image/img1/52/308390752_TH28612.jpg?RS=412,스포츠/액티브,신발,스니커즈,스니커즈
185,틸아이다이,[단 하루!] BRUSHED ZIP UP MTM [TIFA04LT03]_Melange,109000.0,67411,38,5.0,1,226,308886884,https://www.wconcept.co.kr/Product/308886884,https://product-image.wconcept.co.kr/productimg/image/img1/84/308886884_JH54236.jpg?RS=412,여성,의류,티셔츠,스웻
186,프론트로우,[앵콜 세일] Suede Bomber Jacket_3 color,259000.0,157472,39,4.9,184,9999,307349815,https://www.wconcept.co.kr/Product/307349815,https://product-image.wconcept.co.kr/productimg/image/img1/15/307349815_NG24821.jpg?RS=412,여성,의류,아우터,점퍼
187,틸아이다이,[단 하루!] Scarf tie detail blouse [TISP05BL03]_Ivory,111000.0,68648,38,4.9,67,4991,308234748,https://www.wconcept.co.kr/Product/308234748,https://product-image.wconcept.co.kr/productimg/image/img1/48/308234748_LH71414.jpg?RS=412,여성,의류,블라우스,블라우스
188,하우투러브미,[30%쿠폰] 로웬 드레이프 랩 블라우스[brown],128000.0,89600,30,5.0,1,320,308920225,https://www.wconcept.co.kr/Product/308920225,https://product-image.wconcept.co.kr/productimg/image/img1/25/308920225_AX67279.jpg?RS=412,여성,의류,블라우스,블라우스
189,마스 언 에브릴,BASIC LOGO KNIT CARDIGAN_GRAPE,91000.0,69160,24,5.0,10,551,308912907,https://www.wconcept.co.kr/Product/308912907,https://product-image.wconcept.co.kr/productimg/image/img1/07/308912907_WH28043.jpg?RS=412,여성,의류,니트,가디건
190,비올셋,[한정특가] Vintage Herringbone Pants_Black,88000.0,49280,44,,0,22,308953426,https://www.wconcept.co.kr/Product/308953426,https://product-image.wconcept.co.kr/productimg/image/img1/26/308953426_JH71262.jpg?RS=412,여성,의류,팬츠,스트레이트
191,우이,[20%쿠폰] 베르 스판 부츠컷 슬랙스 딥베이지 OU1744,109000.0,65400,40,4.8,57,2326,307449779,https://www.wconcept.co.kr/Product/307449779,https://product-image.wconcept.co.kr/productimg/image/img1/79/307449779_AN73318.jpg?RS=412,여성,의류,팬츠,슬랙스
192,라메레이,[20%쿠폰] [사이즈 추가]Sheer Layered Tie Dress[LMBFCO25DR803]-Black,259000.0,196840,24,5.0,54,8139,307388241,https://www.wconcept.co.kr/Product/307388241,https://product-image.wconcept.co.kr/productimg/image/img1/41/307388241_PH73898.jpg?RS=412,여성,의류,원피스,맥시
193,어나우트,[20%쿠폰] [령은 PICK] CLASSIC MAC TRENCH COAT BEIGE,319000.0,218196,31,5.0,110,7438,305712923,https://www.wconcept.co.kr/Product/305712923,https://product-image.wconcept.co.kr/productimg/image/img1/23/305712923_CA50668.jpg?RS=412,여성,의류,아우터,트렌치코트
194,무니드,[단 하루!30%쿠폰] POISE COLLAR TOP - BLACK,79000.0,55300,30,4.9,12,372,308835751,https://www.wconcept.co.kr/Product/308835751,https://product-image.wconcept.co.kr/productimg/image/img1/51/308835751_JM95474.jpg?RS=412,여성,의류,티셔츠,긴팔
195,루시다,[20%쿠폰] 밀리터리 필드 워크 자켓 - 카키,265000.0,161120,39,5.0,3,38,308961491,https://www.wconcept.co.kr/Product/308961491,https://product-image.wconcept.co.kr/productimg/image/img1/91/308961491_NG80132.jpg?RS=412,여성,의류,아우터,자켓
196,틸아이다이,[단 하루!] Stripe soft touch T-shirt_Ivory,43000.0,26593,38,4.9,508,6645,303894889,https://www.wconcept.co.kr/Product/303894889,https://product-image.wconcept.co.kr/productimg/image/img1/89/303894889_LG27167.jpg?RS=412,여성,의류,티셔츠,긴팔
197,플로움,Classic Diana Dress(2color),,328000,0,4.9,746,9999,301630734,https://www.wconcept.co.kr/Product/301630734,https://product-image.wconcept.co.kr/productimg/image/img1/34/301630734.jpg?RS=412,여성,의류,원피스,미디
198,시엔느,[W LIVE] [4차] Haze Scarf (Beige),65000.0,54853,15,,0,151,308939939,https://www.wconcept.co.kr/Product/308939939,https://product-image.wconcept.co.kr/productimg/image/img1/39/308939939_KG16223.jpg?RS=412,여성,액세서리,스카프/머플러,머플러
199,비에이유 바이 브라이드앤유,[11차]ODETTE Square neck Three-quarter Sleeve H-line midi dress (Black/Off white),348000.0,298000,14,4.9,479,9999,300964307,https://www.wconcept.co.kr/Product/300964307,https://product-image.wconcept.co.kr/productimg/image/img1/07/300964307_LW17566.jpg?RS=412,여성,의류,원피스,미디
200,무니드,[단 하루!30%쿠폰] BREEZE BALLOON JUMPER - CHARCOAL,194000.0,135800,30,5.0,3,235,308839510,https://www.wconcept.co.kr/Product/308839510,https://product-image.wconcept.co.kr/productimg/image/img1/10/308839510_VJ16755.jpg?RS=412,여성,의류,아우터,점퍼
